{"name":"Power BI Theme Generator - BIBB.PRO v2.04","$schema":"https://raw.githubusercontent.com/microsoft/powerbi-desktop-samples/main/Report%20Theme%20JSON%20Schema/reportThemeSchema-2.145.json","dataColors":["#1E88E5","#43A047","#FDD835","#E53935","#8E24AA","#00ACC1","#0099C6","#DD4477","#3599B8","#DFBFBF","#4AC5BB","#5F6B6D","#FB8281","#F4D25A","#7F898A","#A4DDEE","#FDAB89","#B687AC","#28738A","#A78F8F","#168980","#293537","#BB4A4A","#B59525","#475052","#6A9FB0","#BD7150","#7B4F71","#1B4D5C","#706060","#0F5C55","#1C2325","#7D3231","#796419","#303637","#476A75","#7E4B36","#52354C","#0D262E","#544848","#016AB8","#373D49","#FDB15D","#AAF20F","#5F646D","#8AA3EB","#FEE266","#A6687A","#3557B8","#DFCFBF","#4A91C5","#5F646D","#FBBF81","#C9F459","#7F838A","#A4B8EE","#FDE489","#B68794","#28428A","#A79B8F","#165889","#292E37","#BB824A","#8DB525","#474A52","#6A7CB0","#BDA750","#7B4F5A","#1B2C5C","#706860","#0F3C5C","#1C1E25","#7D5731","#5D7918","#303237","#475375","#7E6F36","#52343D","#0D152E","#544E48","#010EB8","#393749","#F9FD5D","#38F20F","#615F6D","#A08AEB","#CEFE66","#A67668","#5435B8","#DFDFBF","#4A53C5","#615F6D","#FAFB81","#7CF459","#807F8A","#B5A4EE","#DBFD89","#B69087","#3F288A","#A7A78F","#161F89","#2A2937","#BBBB4A","#45B525","#494752","#7A6AB0","#9CBD50","#7B594F","#291B5C","#707060","#0F155C","#1E1C25","#7C7D31","#2D7918","#303037","#514775","#697E36","#523B34","#140D2E","#545448","#4E01B8","#423749","#A9FD5D","#0FF256","#675F6D","#D18AEB","#82FE66","#A69468","#9535B8","#CFDFBF","#7D4AC5","#675F6D","#BCFB81","#59F484","#857F8A","#DAA4EE","#A1FD89","#B6A887","#6F288A","#9BA78F","#461689","#322937","#82BB4A","#25B54C","#4E4752","#9E6AB0","#65BD50","#7B6E4F","#4A1B5C","#687060","#2E0F5C","#221C25","#567D31","#187934","#343037","#684775","#457E36","#524934","#250D2E","#4E5448","#AA01B8","#493746","#5DFD62","#0FF2C7","#6D5F6B","#EB8AD3","#66FE96","#99A668","#B83598","#BFDFBF","#BA4AC5","#6D5F6B","#81FB82","#59F4D1","#8A7F89","#EEA4DD","#89FDAA","#ACB687","#8A2873","#8FA78F","#801689","#372934","#4ABB4A","#25B594","#524750","#B06A9F","#50BD70","#717B4F","#5C1B4D","#607060","#540F5C","#251C22","#317D32","#187964","#373036","#75476A","#367E4A","#4C5234","#2E0D26","#485448","#B8016A","#49373D","#5DFDB1","#0FAAF2","#6D5F64","#EB8AA3","#66FEE2","#7AA668","#B83557","#BFDFCF","#C54A91","#6D5F64","#81FBBF","#59C9F4","#8A7F83","#EEA4B8","#89FDE5","#94B687","#8A2842","#8FA79B","#891658","#37292E","#4ABB82","#258DB5","#52474A","#B06A7C","#50BDA7","#5B7B4F","#5C1B2C","#607068","#5C0F3C","#251C1E","#317D58","#185D79","#373032","#754752","#367E6F","#3D5234","#2E0D15","#48544E","#B8010E","#493937","#5DF9FD","#0F38F2","#6D615F","#EBA08A","#66CEFE","#68A676","#B85435","#BFDFDF","#C54A53","#6D615F","#81FAFB","#597CF4","#8A807F","#EEB5A4","#89DBFD","#87B691","#8A3F28","#8FA7A7","#89161E","#372A29","#4ABBBB","#2545B5","#524947","#B07A6A","#509CBD","#4F7B58","#5C291B","#607070","#5C0F15","#251E1C","#317C7D","#182D79","#373030","#755147","#36687E","#34523B","#2E140D","#485454","#B84E01","#494337","#5DA9FD","#560FF2","#6D685F","#EBD18A","#6681FE","#68A694","#B89535","#BFCFDF","#C57D4A","#6D685F","#81BCFB","#8459F4","#8A857F","#EEDAA4","#89A1FD","#87B6A8","#8A7028","#8F9BA7","#894616","#373229","#4A82BB","#4D25B5","#524E47","#B09E6A","#5065BD","#4F7B6F","#5C4A1B","#606870","#5C2E0F","#25221C","#31567D","#341879","#373430","#756947","#36447E","#345249","#2E250D","#484E54","#B8A901","#464937","#615DFD","#C70FF2","#6B6D5F","#D4EB8A","#9666FE","#6898A6","#99B835","#BFBFDF","#C5BA4A","#6B6D5F","#8181FB","#D159F4","#898A7F","#DDEEA4","#AA89FD","#87ACB6","#738A28","#8F8FA7","#897F16","#353729","#4A4ABB","#9425B5","#505247","#9FB06A","#7050BD","#4F717B","#4D5C1B","#606070","#5C540F","#23251C","#31317D","#641879","#363730","#6A7547","#4B367E","#344C52","#262E0D","#484854","#6AB801","#3D4937","#B15DFD","#F20FAA","#646D5F","#A3EB8A","#E266FE","#687AA6","#57B835","#CFBFDF","#91C54A","#646D5F","#BF81FB","#F459C9","#838A7F","#B7EEA4","#E589FD","#8794B6","#428A28","#9B8FA7","#588916","#2E3729","#824ABB","#B5258D","#4A5247","#7CB06A","#A750BD","#4F5B7B","#2C5C1B","#686070","#3C5C0F","#1E251C","#57317D","#79185D","#323730","#537547","#6F367E","#343D52","#152E0D","#4E4854","#0FB801","#37493A","#FD5DF9","#F20F39","#5F6D61","#8AEBA1","#FE66CE","#7568A6","#35B854","#DFBFDF","#54C54A","#5F6D61","#FB81FA","#F4597C","#7F8A80","#A4EEB5","#FD89DB","#9187B6","#288A3F","#A78FA7","#1F8916","#29372B","#BB4ABB","#B52544","#475249","#6AB07B","#BD509B","#594F7B","#1B5C2A","#706070","#155C0F","#1C251E","#7D317B","#79182D","#303731","#477552","#7E3668","#3B3452","#0D2E14","#544854","#01B84E","#374942","#FD5DA9","#F2560F","#5F6D67","#8AEBD1","#FE6682","#9468A6","#35B895","#DFBFCF","#4AC57D","#5F6D67","#FB81BD","#F48459","#7F8A85","#A4EEDA","#FD89A1","#A887B6","#288A6F","#A78F9B","#168946","#293732","#BB4A82","#B54C25","#47524E","#6AB09D","#BD5065","#6E4F7B","#1B5C4A","#706068","#0F5C2E","#1C2522","#7D3156","#793418","#303734","#477568","#7E3644","#493452","#0D2E25","#54484E"],"textClasses":{"callout":{"color":"#212121","fontFace":"Segoe UI"},"header":{"color":"#212121","fontFace":"Segoe UI"},"label":{"color":"#212121","fontFace":"Segoe UI"},"largeTitle":{"color":"#212121","fontFace":"Segoe UI"},"title":{"color":"#212121","fontFace":"Segoe UI"}},"bad":"#ee1c25","neutral":"#949599","good":"#38b64b","maximum":"#00243A","minimum":"#b2d7ed","center":"#007bc4","tableAccent":"#1E88E5","firstLevelElements":"#212121","secondLevelElements":"#212121","thirdLevelElements":"#212121","fourthLevelElements":"#212121","background":"#F9FAFB","secondaryBackground":"#F9FAFB","visualStyles":{"*":{"*":{"background":[{"color":{"solid":{"color":"#F9FAFB"}},"transparency":0}],"border":[{"color":{"solid":{"color":"#F9FAFB"}},"radius":5,"show":true,"width":0.5}],"divider":[{"show":false,"width":1}],"categoryAxis":[{"showAxisTitle":false}],"dropShadow":[{"show":false,"color":{"solid":{"color":"#0B1215"}},"shadowBlur":8,"angle":45,"shadowDistance":7,"shadowSpread":0,"transparency":70,"position":"Outer","preset":"Custom"}],"legend":[{"position":"TopCenter","showTitle":false,"fontSize":7}],"padding":[{"top":15},{"bottom":15},{"left":15},{"right":15}],"spacing":[{"customizeSpacing":true,"spaceBelowTitle":10}],"subTitle":[{"show":false,"fontSize":11}],"title":[{"fontSize":12,"bold":true}],"totals":[{"show":true,"bold":true,"fontSize":7}],"valueAxis":[{"gridlineShow":true,"gridlineColor":{"solid":{"color":"#1E88E566"}},"gridlineStyle":"dotted","gridlineThickness":1,"showAxisTitle":false}]},"Matched borders":{"dataPoint":[{"borderColorMatchFill":true,"borderShow":true,"borderSize":2,"fillTransparency":50,"transparency":60}],"lineStyles":[{"lineChartType":"smooth","strokeWidth":2,"areaShow":true,"areaMatchStrokeColor":true}],"ribbonBands":[{"borderColorMatchFill":true,"borderShow":true,"borderSize":1,"fillTransparency":80}]}},"actionButton":{"*":{"border":[{"show":false}],"fill":[{"show":true},{"$id":"default","transparency":0},{"$id":"hover","transparency":97,"fillColor":{"solid":{"color":"#1E88E5"}}},{"$id":"selected","transparency":85,"fillColor":{"solid":{"color":"#1E88E5"}}}],"outline":[{"show":false}],"padding":[{"bottom":0},{"top":0},{"left":0},{"right":0}],"shape":[{"$id":"default","tileShape":"rectangleRounded","roundEdge":8}],"text":[{"show":true},{"$id":"default","text":"Some text","fontSize":11,"horizontalAlignment":"center","fontColor":{"solid":{"color":"#212121"}}},{"$id":"selected","fontSize":10.8}]},"Style 1":{"fill":[{"show":true},{"$id":"default","transparency":100},{"$id":"hover","fillColor":{"solid":{"color":"#1E88E5"}},"transparency":97},{"$id":"selected","show":true,"fillColor":{"solid":{"color":"#1E88E5"}},"transparency":85}],"icon":[{"show":true},{"$id":"default","horizontalAlignment":"left","verticalAlignment":"middle","placement":"custom","shapeType":"custom","iconSize":20},{"$id":"selected","horizontalAlignment":"left","verticalAlignment":"middle","placement":"custom","shapeType":"custom","iconSize":19}],"shape":[{"$id":"default","tileShape":"rectangleRounded","roundEdge":8}],"text":[{"$id":"default","leftMargin":10}]},"Style 1 - active":{"fill":[{"show":true},{"$id":"default","show":true,"fillColor":{"solid":{"color":"#1E88E5"}},"transparency":90}],"icon":[{"show":true},{"$id":"default","horizontalAlignment":"left","verticalAlignment":"middle","placement":"custom","shapeType":"custom","iconSize":20}],"shape":[{"$id":"default","tileShape":"rectangleRounded","roundEdge":8}],"text":[{"$id":"default","leftMargin":10,"fontSize":11}]},"Style 2":{"fill":[{"show":true},{"$id":"default","show":false,"transparency":100},{"$id":"hover","show":true,"fillColor":{"solid":{"color":"#1E88E5"}},"transparency":97},{"$id":"selected","show":true,"fillColor":{"solid":{"color":"#1E88E5"}},"transparency":85}],"icon":[{"show":true},{"$id":"default","horizontalAlignment":"left","verticalAlignment":"middle","placement":"custom","leftMargin":6,"shapeType":"custom","iconSize":20},{"$id":"selected","horizontalAlignment":"left","verticalAlignment":"middle","placement":"custom","leftMargin":7,"shapeType":"custom","iconSize":19.5}],"shape":[{"$id":"default","tileShape":"rectangle","roundEdge":100}],"text":[{"show":false}]},"Style 2 - active":{"fill":[{"show":true},{"$id":"default","show":true,"fillColor":{"solid":{"color":"#1E88E5"}},"transparency":90}],"icon":[{"show":true},{"$id":"default","horizontalAlignment":"left","verticalAlignment":"middle","placement":"custom","leftMargin":6,"shapeType":"custom","iconSize":20}],"shape":[{"$id":"default","tileShape":"rectangle","roundEdge":100}],"text":[{"show":false},{"$id":"default","text":"Some text","fontSize":11,"leftMargin":10,"horizontalAlignment":"center","fontColor":{"solid":{"color":"#1E88E5"}}},{"$id":"selected","text":"Some text","fontSize":10.8}]},"Style 3":{"fill":[{"show":true},{"$id":"default","show":true,"fillColor":{"solid":{"color":"#1E88E5"}},"transparency":0}],"icon":[{"show":true},{"$id":"default","horizontalAlignment":"left","verticalAlignment":"middle","placement":"custom","leftMargin":6,"shapeType":"custom","iconSize":20},{"$id":"selected","horizontalAlignment":"left","verticalAlignment":"middle","placement":"custom","shapeType":"custom","iconSize":19}],"shape":[{"$id":"default","tileShape":"rectangle","roundEdge":5}],"text":[{"show":true},{"$id":"default","text":"Some text","fontSize":11,"leftMargin":10,"horizontalAlignment":"center","fontColor":{"solid":{"color":"#F9FAFB"}}},{"$id":"selected","text":"Some text","fontSize":10.8}]},"Style 4":{"fill":[{"show":true},{"$id":"default","show":true,"fillColor":{"solid":{"color":"#1E88E5"}},"transparency":75},{"$id":"hover","show":true,"fillColor":{"solid":{"color":"#1E88E5"}},"transparency":55},{"$id":"selected","show":true,"fillColor":{"solid":{"color":"#1E88E5"}},"transparency":55}],"icon":[{"show":true},{"$id":"default","horizontalAlignment":"center","verticalAlignment":"middle","placement":"custom","shapeType":"custom","iconSize":15,"bottomMargin":0,"topMargin":0,"rightMargin":0,"leftMargin":0},{"$id":"selected","horizontalAlignment":"center","verticalAlignment":"middle","placement":"custom","shapeType":"custom","iconSize":14.5,"bottomMargin":0,"topMargin":0,"rightMargin":0,"leftMargin":0}],"rotation":[{"shapeAngle":90}],"shape":[{"$id":"default","tileShape":"tabRoundTopCorners","roundEdge":90,"tabRoundCornerTop":50}],"text":[{"show":false}]},"Style 4 - active":{"fill":[{"show":true},{"$id":"default","show":true,"fillColor":{"solid":{"color":"#1E88E5"}},"transparency":0}],"icon":[{"show":true},{"$id":"default","horizontalAlignment":"center","verticalAlignment":"middle","placement":"custom","shapeType":"custom","iconSize":15,"bottomMargin":0,"topMargin":0,"rightMargin":0,"leftMargin":0}],"rotation":[{"shapeAngle":90}],"shape":[{"$id":"default","tileShape":"tabRoundTopCorners","roundEdge":90,"tabRoundCornerTop":50}],"text":[{"show":false}]},"Style 5":{"fill":[{"show":true},{"$id":"default","show":true,"fillColor":{"solid":{"color":"#1E88E5"}},"transparency":75},{"$id":"hover","show":true,"fillColor":{"solid":{"color":"#1E88E5"}},"transparency":55},{"$id":"selected","show":true,"fillColor":{"solid":{"color":"#1E88E5"}},"transparency":55}],"icon":[{"show":true},{"$id":"default","horizontalAlignment":"center","verticalAlignment":"middle","placement":"custom","shapeType":"custom","iconSize":20,"bottomMargin":0,"topMargin":0,"rightMargin":0,"leftMargin":0},{"$id":"selected","horizontalAlignment":"center","verticalAlignment":"middle","placement":"custom","shapeType":"custom","iconSize":14.5,"bottomMargin":0,"topMargin":0,"rightMargin":0,"leftMargin":0}],"shape":[{"$id":"default","tileShape":"oval"}],"text":[{"show":false}]},"Style 5 - active":{"fill":[{"show":true},{"$id":"default","show":true,"fillColor":{"solid":{"color":"#1E88E5"}},"transparency":0}],"icon":[{"show":true},{"$id":"default","horizontalAlignment":"center","verticalAlignment":"middle","placement":"custom","shapeType":"custom","iconSize":20,"bottomMargin":0,"topMargin":0,"rightMargin":0,"leftMargin":0}],"shape":[{"$id":"default","tileShape":"oval"}],"text":[{"show":false}]}},"advancedSlicerVisual":{"*":{"background":[],"fillCustom":[{"$id":"default","fillColor":{"solid":{"color":"#1E88E5"}},"transparency":90},{"$id":"selected","fillColor":{"solid":{"color":"#1E88E5"}},"transparency":0}],"layout":[{"style":"Cards"}],"outline":[{"$id":"default","show":false}],"padding":[],"image":[],"dropShadow":[],"shapeCustomRectangle":[{"$id":"default","tileShape":"rectangleRounded","rectangleRoundedCurve":7}],"title":[{"show":true}],"value":[{"show":true}]}},"barChart":{"*":{"legend":[{"show":false}]},"Matched borders":{}},"bookmarkNavigator":{"*":{"border":[{"show":false}],"dropShadow":[{"$id":"default","show":false}],"fill":[{"$id":"default","fillColor":{"solid":{"color":"#F9FAFB"}},"transparency":50},{"$id":"hover","fillColor":{"solid":{"color":"#F9FAFB"}}},{"$id":"selected","fillColor":{"solid":{"color":"#F9FAFB"}},"transparency":0}],"layout":[{"orientation":2,"cellPadding":1}],"outline":[{"$id":"default","show":false,"lineColor":{"solid":{"color":"#1E88E5"}},"weight":0.5}],"padding":[{"bottom":0,"left":0,"right":0,"top":0}],"shape":[{"$id":"default","rectangleRoundedCurve":12,"tileShape":"rectangleRounded"}],"text":[{"$id":"default","fontSize":8,"fontColor":{"solid":{"color":"#212121"}}},{"$id":"hover","fontSize":8,"fontColor":{"solid":{"color":"#212121"}}},{"$id":"selected","fontSize":8,"fontColor":{"solid":{"color":"#212121"}}}]}},"card":{"*":{"labels":[{"fontSize":20}],"padding":[{"bottom":0},{"top":0},{"left":0},{"right":0}]}},"cardVisual":{"*":{"accentBar":[{"$id":"default","show":true,"width":4,"position":"Top","color":{"solid":{"color":"#1E88E5"}}}],"background":[{"show":false}],"border":[{"show":true}],"divider":[{"$id":"default","show":true,"dividerColor":{"solid":{"color":"#CCCCCC"}}}],"dropShadow":[],"image":[{"$id":"default","show":false,"imageType":"imageUrl","position":"Left","padding":10,"size":32},{"show":true}],"label":[{"$id":"default","position":"aboveValue","fontSize":10}],"layout":[{"calloutSize":60}],"outline":[{"$id":"default","show":false,"transparency":0,"lineColor":{"solid":{"color":{"expr":{"ThemeDataColor":{"ColorId":9,"Percent":0.6}}}}}}],"padding":[{"$id":"default","paddingSelection":"Custom","topMargin":12,"bottomMargin":12,"rightMargin":8,"leftMargin":8},{"left":0,"top":0,"right":0,"bottom":0}],"referenceLabel":[{"$id":"default","backgroundShow":true,"backgroundColor":{"solid":{"color":"#1E88E5"}},"backgroundTransparency":92.5}],"referenceLabelLayout":[{"$id":"default","outerPadding":3}],"referenceLabelTitle":[{"$id":"default","titleFontSize":9,"titleTransparency":10}],"referenceLabelValue":[{"$id":"default","valueBold":false,"valueFontSize":9,"valueTransparency":10}],"referenceLabelDetail":[{"$id":"default","detailFontSize":9,"detailTransparency":90,"show":true,"detailBackgroundColor":{"solid":{"color":"#1E88E5"}}}],"shapeCustomRectangle":[{"$id":"default","tileShape":"rectangleRounded","rectangleRoundedCurve":7}],"spacing":[{"$id":"default","verticalSpacing":0}],"subTitle":[{"show":false}],"shadowCustom":[{"show":false,"color":{"solid":{"color":"#212121"}}}],"title":[{"fontSize":9,"background":{"solid":{"color":"#f3f3f3"}},"text":"Add visual title here"}],"value":[{"$id":"default","fontSize":13,"horizontalAlignment":"left","bold":true}]}},"clusteredColumnChart":{"*":{"labels":[{"show":true,"bold":true,"fontSize":7}]}},"columnChart":{"*":{"legend":[{"show":false}]},"Matched borders":{}},"donutChart":{"*":{"legend":[{"show":false}],"labels":[{"labelStyle":"Both"}]}},"filledMap":{"*":{"mapStyles":[{"mapTheme":"grayscale"}]}},"htmlContent443BE3AD55E043BF878BED274D3A6855":{"*":{"padding":[{"bottom":0},{"top":0},{"left":0},{"right":0}]}},"htmlContent443BE3AD55E043BF878BED274D3A6865":{"*":{"padding":[{"bottom":0},{"top":0},{"left":0},{"right":0}]}},"image":{"*":{"background":[{"show":false}],"border":[{"show":false}],"dropShadow":[{"show":false}]}},"lineChart":{"*":{"stylePreset":[]},"Matched borders":{}},"page":{"*":{"background":[{"color":{"solid":{"color":"#f3f3f3"}},"transparency":0}],"outspacePane":[{"backgroundColor":{"solid":{"color":"#f3f3f3"}}}],"filterCard":[{"$id":"Available","backgroundColor":{"solid":{"color":"#f3f3f3"}},"foregroundColor":{"solid":{"color":"#212121"}},"inputBoxColor":{"solid":{"color":"#F9FAFB"}},"transparency":0},{"$id":"Applied","backgroundColor":{"solid":{"color":"#F9FAFB"}},"foregroundColor":{"solid":{"color":"#212121"}},"inputBoxColor":{"solid":{"color":"#F9FAFB"}},"transparency":0}],"displayArea":[{"verticalAlignment":"Middle"}]}},"pieChart":{"*":{"legend":[{"show":false}],"labels":[{"labelStyle":"Both"}]}},"pivotTable":{"*":{"columnHeaders":[{"backColor":{"solid":{"color":"#1E88E51A"}},"autoSizeColumnWidth":false}],"grid":[{"outlineColor":{"solid":{"color":{"expr":{"ThemeDataColor":{"ColorId":0,"Percent":-0.2}}}}},"outlineWeight":2,"rowPadding":5}],"rowHeaders":[{"wordWrap":false}],"stylePreset":[{"name":"Minimal"}],"title":[{"show":true,"text":"Table title"}]}},"ribbonChart":{"*":{},"Matched borders":{"dataPoint":[{"fillTransparency":20}]}},"scatterChart":{"*":{"legend":[{"show":true,"position":"Left","fontSize":8}],"categoryAxis":[{"show":true,"fontSize":8}],"valueAxis":[{"show":true,"position":"Left","fontSize":8}]}},"shape":{"*":{"background":[{"show":true}],"fill":[{"show":false}],"outline":[{"show":false}],"_comments":""}},"slicer":{"*":{"background":[{"show":false}],"dropShadow":[{"show":false}],"header":[{"show":false}],"items":[{"background":{"solid":{"color":"#f3f3f3"}}}],"padding":[{"bottom":0},{"top":0},{"left":0},{"right":0}]}},"stackedAreaChart":{"*":{"legend":[{"show":true,"position":"Left","fontSize":8}],"categoryAxis":[{"show":true,"fontSize":8}],"valueAxis":[{"show":true,"position":"Left","fontSize":8}]}},"tableEx":{"*":{"columnHeaders":[{"backColor":{"solid":{"color":"#1E88E51A"}},"autoSizeColumnWidth":false}],"grid":[{"gridHorizontal":true,"rowPadding":3.5,"outlineColor":{"solid":{"color":"#1E88E5"}},"outlineStyle":1,"outlineWeight":0.5}],"title":[{"show":true,"text":"Table title"}],"values":[{"backColorPrimary":{"solid":{"color":"#F9FAFB"}},"backColorSecondary":{"solid":{"color":"#F9FAFB"}}}]}},"textbox":{"*":{"background":[{"show":false}],"border":[{"show":false}],"dropShadow":[{"show":false}],"padding":[{"bottom":0},{"left":0},{"right":0},{"top":0}]}},"waterfallChart":{"*":{"legend":[{"show":false}]}}}}